{"custom_trains":
    {    
    "s43tec_lrt1980":{
        "name":"S43-Tec MF77",
        "description":"Fictional MF77 RATP livery",
        "wikipedia_article":"",
        "color":"53A9EA",
        "gangway_connection_id":"mtr:s43tec_lrt1980/testtram",
        "train_barrier_id":"",
        "door_animation_type":"PLUG_FAST",
        "render_door_overlay":false,
        "rider_offset":0.0,
        "texture_id":"mtr:s43tec_lrt1980/s43tec_lrt1980",
        "model":"mtr:s43tec_lrt1980/s43tec_lrt1980.bbmodel",
        "model_properties":"mtr:s43tec_lrt1980/s43tec_lrt1980.json",
        "speed_sound_count": 90,
        "speed_sound_base_id": "light_rail_aeg",
        "door_sound_base_id": "b_druckluft"
    },
    "s43tec_lrt1980mod":{
        "name":"S43-Tec MF77 Rénové/Modernized",
        "description":"Fictional MF77 IDFM livery",
        "wikipedia_article":"",
        "color":"53A9EA",
        "gangway_connection_id":"mtr:s43tec_lrt1980mod/testtram",
        "train_barrier_id":"",
        "door_animation_type":"PLUG_FAST",
        "render_door_overlay":false,
        "rider_offset":0.0,
        "texture_id":"mtr:s43tec_lrt1980mod/s43tec_lrt1980mod",
        "model":"mtr:s43tec_lrt1980mod/s43tec_lrt1980mod.bbmodel",
        "model_properties":"mtr:s43tec_lrt1980mod/s43tec_lrt1980mod.json",
        "speed_sound_count": 90,
        "speed_sound_base_id": "light_rail_mitsubishi",
        "door_sound_base_id": "lrt2010"
    },
    "s43tec_lrt2020":{
        "name":"S43-Tec Tram 2020",
        "description":"Tramway IDFM 2020",
        "wikipedia_article":"",
        "color":"53A9EA",
        "gangway_connection_id":"",
        "train_barrier_id":"",
        "door_animation_type":"PLUG_FAST",
        "render_door_overlay":false,
        "rider_offset":0.0,
        "texture_id":"mtr:s43tec_lrt2020/s43tec_lrt2020",
        "model":"mtr:s43tec_lrt2020/s43tec_lrt2020.bbmodel",
        "model_properties":"mtr:s43tec_lrt2020/s43tec_lrt2020.json",
        "speed_sound_count": 90,
        "speed_sound_base_id": "c1141a",
        "door_sound_base_id": "lrt2020"
        }
    }
}