{
    "mind_the_gap": {
        "sounds": [
            "ratp:attention_a_la_marche"
        ]
    },
    "31_decembre": {
        "sounds": [
            "ratp:31_decembre"
        ]
    },
    "accessibilite": {
        "sounds": [
            "ratp:accessibilite"
        ]
    },
    "gingle": {
        "sounds": [
            "ratp:gingle"
        ]
    },
    "interdiction_de_fumer": {
        "sounds": [
            "ratp:interdiction_de_fumer"
        ]
    },
    "ne_montez_pas_au_signal_sonore": {
        "sounds": [
            "ratp:ne_montez_pas_au_signal_sonore"
        ]
    },
    "prevention_canicule": {
        "sounds": [
            "ratp:prevention_canicule"
        ]
    },
    "prevention_des_malaises": {
        "sounds": [
            "ratp:prevention_des_malaises"
        ]
    },
    "repartition_sur_le_quai": {
        "sounds": [
            "ratp:repartition_sur_le_quai"
        ]
    },
    "surveillez_vos_bagages": {
        "sounds": [
            "ratp:surveillez_vos_bagages"
        ]
    },
    "velo_roller_trottinette_skates_interdits": {
        "sounds": [
            "ratp:velo_roller_trottinette_skates_interdits"
        ]
    },
    "vendeur_a_la_sauvette": {
        "sounds": [
            "ratp:vendeur_a_la_sauvette"
        ]
    },
    "pickpocket": {
        "sounds": [
            "ratp:pickpocket"
        ]
    }
}