{"transport_mode":"TRAIN","length":14,"width":2,"door_max":12,"parts":[{"name":"1980_Innenwand","stage":"INTERIOR","mirror":false,"skip_rendering_if_too_far":false,"door_offset":"NONE","render_condition":"ALL","positions":[[0.0,0.0]],"whitelisted_cars":"","blacklisted_cars":"%2"},{"name":"1980_Fahrerkabine","stage":"EXTERIOR","mirror":false,"skip_rendering_if_too_far":false,"door_offset":"NONE","render_condition":"ALL","positions":[[0.0,0.0]],"whitelisted_cars":"1","blacklisted_cars":"%2,%2+1"},{"name":"1980_Aussenwand","stage":"EXTERIOR","mirror":false,"skip_rendering_if_too_far":false,"door_offset":"NONE","render_condition":"ALL","positions":[[0.0,0.0]],"whitelisted_cars":"","blacklisted_cars":"%2"},{"name":"1980_Innenwand","stage":"INTERIOR","mirror":true,"skip_rendering_if_too_far":false,"door_offset":"NONE","render_condition":"ALL","positions":[[0.0,0.0]],"whitelisted_cars":"","blacklisted_cars":"%2+1"},{"name":"1980_Fahrerkabine","stage":"EXTERIOR","mirror":true,"skip_rendering_if_too_far":false,"door_offset":"NONE","render_condition":"ALL","positions":[[0.0,0.0]],"whitelisted_cars":"-1","blacklisted_cars":"%2+1,%2"},{"name":"1980_Aussenwand","stage":"EXTERIOR","mirror":true,"skip_rendering_if_too_far":false,"door_offset":"NONE","render_condition":"ALL","positions":[[0.0,0.0]],"whitelisted_cars":"","blacklisted_cars":"%2+1"},{"name":"1980_Frontlicht","stage":"LIGHTS","mirror":false,"skip_rendering_if_too_far":false,"door_offset":"NONE","render_condition":"MOVING_FORWARDS","positions":[[0.0,0.0]],"whitelisted_cars":"1","blacklisted_cars":"%2,%2+1"},{"name":"1980_Frontlicht","stage":"LIGHTS","mirror":true,"skip_rendering_if_too_far":false,"door_offset":"NONE","render_condition":"MOVING_BACKWARDS","positions":[[0.0,0.0]],"whitelisted_cars":"-1","blacklisted_cars":"%2,%2+1"},{"name":"1980_Ruecklicht","stage":"LIGHTS","mirror":false,"skip_rendering_if_too_far":false,"door_offset":"NONE","render_condition":"MOVING_BACKWARDS","positions":[[0.0,0.0]],"whitelisted_cars":"1","blacklisted_cars":"%2,%2+1"},{"name":"1980_Ruecklicht","stage":"LIGHTS","mirror":true,"skip_rendering_if_too_far":false,"door_offset":"NONE","render_condition":"MOVING_FORWARDS","positions":[[0.0,0.0]],"whitelisted_cars":"-1","blacklisted_cars":"%2,%2+1"},{"name":"1980_Tuer_A","stage":"EXTERIOR","mirror":false,"skip_rendering_if_too_far":false,"door_offset":"RIGHT_POSITIVE","render_condition":"ALL","positions":[[0.0,0.0],[0.0,80.0]],"whitelisted_cars":"","blacklisted_cars":"%2"},{"name":"1980_Tuer_B","stage":"EXTERIOR","mirror":false,"skip_rendering_if_too_far":false,"door_offset":"RIGHT_NEGATIVE","render_condition":"ALL","positions":[[0.0,0.0],[0.0,80.0]],"whitelisted_cars":"","blacklisted_cars":"%2"},{"name":"1980_Tuer_A","stage":"EXTERIOR","mirror":true,"skip_rendering_if_too_far":false,"door_offset":"LEFT_POSITIVE","render_condition":"ALL","positions":[[0.0,-32.0],[0.0,48.0]],"whitelisted_cars":"","blacklisted_cars":"%2"},{"name":"1980_Tuer_B","stage":"EXTERIOR","mirror":true,"skip_rendering_if_too_far":false,"door_offset":"LEFT_NEGATIVE","render_condition":"ALL","positions":[[0.0,-32.0],[0.0,48.0]],"whitelisted_cars":"","blacklisted_cars":"%2"},{"name":"1980_Tuer_A","stage":"EXTERIOR","mirror":true,"skip_rendering_if_too_far":false,"door_offset":"LEFT_POSITIVE","render_condition":"ALL","positions":[[0.0,0.0],[0.0,-80.0]],"whitelisted_cars":"","blacklisted_cars":"%2+1"},{"name":"1980_Tuer_B","stage":"EXTERIOR","mirror":true,"skip_rendering_if_too_far":false,"door_offset":"LEFT_NEGATIVE","render_condition":"ALL","positions":[[0.0,0.0],[0.0,-80.0]],"whitelisted_cars":"","blacklisted_cars":"%2+1"},{"name":"1980_Tuer_A","stage":"EXTERIOR","mirror":false,"skip_rendering_if_too_far":false,"door_offset":"RIGHT_POSITIVE","render_condition":"ALL","positions":[[0.0,32.0],[0.0,-48.0]],"whitelisted_cars":"","blacklisted_cars":"%2+1"},{"name":"1980_Tuer_B","stage":"EXTERIOR","mirror":false,"skip_rendering_if_too_far":false,"door_offset":"RIGHT_NEGATIVE","render_condition":"ALL","positions":[[0.0,-48.0],[0.0,32.0]],"whitelisted_cars":"","blacklisted_cars":"%2+1"},{"name":"1980_LinienanzeigeAussen","stage":"EXTERIOR","mirror":false,"skip_rendering_if_too_far":false,"door_offset":"NONE","render_condition":"ALL","positions":[[0.0,0.0]],"whitelisted_cars":"1","blacklisted_cars":"%2,%2+1","display":{"x_padding":0.0,"y_padding":0.0,"cjk_size_ratio":0.0,"type":"ROUTE_NUMBER","color_cjk":"F1EFEF","color":"F1EFEF","should_scroll":false,"force_upper_case":false,"force_single_line":false}},{"name":"1980_LinienanzeigeAussen","stage":"EXTERIOR","mirror":true,"skip_rendering_if_too_far":false,"door_offset":"NONE","render_condition":"ALL","positions":[[0.0,0.0]],"whitelisted_cars":"-1","blacklisted_cars":"%2+1,%2","display":{"x_padding":0,"y_padding":0,"cjk_size_ratio":0,"type":"ROUTE_NUMBER","color_cjk":"F1EFEF","color":"F1EFEF","should_scroll":false,"force_upper_case":false,"force_single_line":false}},{"name":"1980_ZielanzeigeAussen","stage":"EXTERIOR","mirror":false,"skip_rendering_if_too_far":false,"door_offset":"NONE","render_condition":"ALL","positions":[[0.0,0.0]],"whitelisted_cars":"1","blacklisted_cars":"%2,%2+1","display":{"x_padding":0,"y_padding":0,"cjk_size_ratio":0,"type":"DESTINATION","color_cjk":"F1EFEF","color":"F1EFEF","should_scroll":false,"force_upper_case":false,"force_single_line":false}},{"name":"1980_ZielanzeigeAussen","stage":"EXTERIOR","mirror":true,"skip_rendering_if_too_far":false,"door_offset":"NONE","render_condition":"ALL","positions":[[0.0,0.0]],"whitelisted_cars":"-1","blacklisted_cars":"%2+1,%2","display":{"x_padding":0.0,"y_padding":0.0,"cjk_size_ratio":0.0,"type":"DESTINATION","color_cjk":"F1EFEF","color":"F1EFEF","should_scroll":false,"force_upper_case":false,"force_single_line":false}},{"name":"1980_Tuer_A_Innen","stage":"INTERIOR","mirror":false,"skip_rendering_if_too_far":false,"door_offset":"RIGHT_POSITIVE","render_condition":"ALL","positions":[[0.0,0.0],[0.0,80.0]],"whitelisted_cars":"","blacklisted_cars":"%2"},{"name":"1980_Tuer_B_Innen","stage":"INTERIOR","mirror":false,"skip_rendering_if_too_far":false,"door_offset":"RIGHT_NEGATIVE","render_condition":"ALL","positions":[[0.0,0.0],[0.0,80.0]],"whitelisted_cars":"","blacklisted_cars":"%2"},{"name":"1980_Tuer_A_Innen","stage":"INTERIOR","mirror":true,"skip_rendering_if_too_far":false,"door_offset":"LEFT_POSITIVE","render_condition":"ALL","positions":[[0.0,-32.0],[0.0,48.0]],"whitelisted_cars":"","blacklisted_cars":"%2"},{"name":"1980_Tuer_B_Innen","stage":"INTERIOR","mirror":true,"skip_rendering_if_too_far":false,"door_offset":"LEFT_NEGATIVE","render_condition":"ALL","positions":[[0.0,-32.0],[0.0,48.0]],"whitelisted_cars":"","blacklisted_cars":"%2"},{"name":"1980_Tuer_A_Innen","stage":"INTERIOR","mirror":false,"skip_rendering_if_too_far":false,"door_offset":"RIGHT_POSITIVE","render_condition":"ALL","positions":[[0.0,32.0],[0.0,-48.0]],"whitelisted_cars":"","blacklisted_cars":"%2+1"},{"name":"1980_Tuer_B_Innen","stage":"INTERIOR","mirror":false,"skip_rendering_if_too_far":false,"door_offset":"RIGHT_NEGATIVE","render_condition":"ALL","positions":[[0.0,32.0],[0.0,-48.0]],"whitelisted_cars":"","blacklisted_cars":"%2+1"},{"name":"1980_Tuer_A_Innen","stage":"INTERIOR","mirror":true,"skip_rendering_if_too_far":false,"door_offset":"LEFT_POSITIVE","render_condition":"ALL","positions":[[0.0,0.0],[0.0,-80.0]],"whitelisted_cars":"","blacklisted_cars":"%2+1"},{"name":"1980_Tuer_B_Innen","stage":"INTERIOR","mirror":true,"skip_rendering_if_too_far":false,"door_offset":"LEFT_NEGATIVE","render_condition":"ALL","positions":[[0.0,0.0],[0.0,-80.0]],"whitelisted_cars":"","blacklisted_cars":"%2+1"},{"name":"1980_Doppelsitz","stage":"INTERIOR","mirror":false,"skip_rendering_if_too_far":true,"door_offset":"NONE","render_condition":"ALL","positions":[[0.0,0.0],[0.0,26.0],[0.0,-80.0],[0.0,-54.0],[24.5,0.0],[24.5,26.0],[24.5,-80.0],[24.5,-54.0]],"whitelisted_cars":"","blacklisted_cars":"%2"},{"name":"1980_Doppelsitz","stage":"INTERIOR","mirror":true,"skip_rendering_if_too_far":true,"door_offset":"NONE","render_condition":"ALL","positions":[[0.0,0.0],[0.0,-26.0],[0.0,80.0],[0.0,54.0],[24.5,0.0],[24.5,-26.0],[24.5,80.0],[24.5,54.0]],"whitelisted_cars":"","blacklisted_cars":"%2+1"},{"name":"1980_Doppelsitz","stage":"INTERIOR","mirror":true,"skip_rendering_if_too_far":true,"door_offset":"NONE","render_condition":"ALL","positions":[[0.0,48.0],[0.0,22.0],[24.5,48.0],[24.5,22.0],[0.0,-58.0],[0.0,-32.0],[24.5,-58.0]],"whitelisted_cars":"","blacklisted_cars":"%2"},{"name":"1980_Doppelsitz","stage":"INTERIOR","mirror":false,"skip_rendering_if_too_far":true,"door_offset":"NONE","render_condition":"ALL","positions":[[0.0,-48.0],[0.0,-22.0],[24.5,-48.0],[24.5,-22.0],[0.0,58.0],[0.0,32.0],[24.5,58.0]],"whitelisted_cars":"","blacklisted_cars":"%2+1"},{"name":"1980_Einzelsitz","stage":"INTERIOR","mirror":false,"skip_rendering_if_too_far":true,"door_offset":"NONE","render_condition":"ALL","positions":[[0.0,32.0],[0.0,-102.0],[-30.5,-102.0]],"whitelisted_cars":"","blacklisted_cars":"%2+1"},{"name":"1980_Einzelsitz","stage":"INTERIOR","mirror":true,"skip_rendering_if_too_far":true,"door_offset":"NONE","render_condition":"ALL","positions":[[0.0,-32.0],[0.0,102.0],[-30.5,102.0]],"whitelisted_cars":"","blacklisted_cars":"%2"},{"name":"1980_Einzelsitz","stage":"INTERIOR","mirror":false,"skip_rendering_if_too_far":true,"door_offset":"NONE","render_condition":"ALL","positions":[[0.0,80.0],[-30.5,80.0]],"whitelisted_cars":"","blacklisted_cars":"%2"},{"name":"1980_Einzelsitz","stage":"INTERIOR","mirror":true,"skip_rendering_if_too_far":true,"door_offset":"NONE","render_condition":"ALL","positions":[[0.0,-80.0],[-30.5,-80.0]],"whitelisted_cars":"","blacklisted_cars":"%2+1"},{"name":"1980_Sitzpodest_Doppel_A","stage":"INTERIOR","mirror":false,"skip_rendering_if_too_far":true,"door_offset":"NONE","render_condition":"ALL","positions":[[0.0,0.0],[0.0,26.0],[0.0,-80.0],[0.0,-54.0],[26.0,0.0],[26.0,26.0],[26.0,-80.0],[26.0,-54.0]],"whitelisted_cars":"","blacklisted_cars":"%2"},{"name":"1980_Sitzpodest_Doppel_A","stage":"INTERIOR","mirror":true,"skip_rendering_if_too_far":true,"door_offset":"NONE","render_condition":"ALL","positions":[[0.0,0.0],[0.0,-26.0],[0.0,80.0],[0.0,54.0],[26.0,0.0],[26.0,-26.0],[26.0,80.0],[26.0,54.0]],"whitelisted_cars":"","blacklisted_cars":"%2+1"},{"name":"1980_Sitzpodest_Doppel_A","stage":"INTERIOR","mirror":true,"skip_rendering_if_too_far":true,"door_offset":"NONE","render_condition":"ALL","positions":[[0.0,48.0],[0.0,22.0],[26.0,48.0],[26.0,22.0],[0.0,-58.0],[0.0,-32.0],[26.0,-58.0]],"whitelisted_cars":"","blacklisted_cars":"%2"},{"name":"1980_Sitzpodest_Doppel_A","stage":"INTERIOR","mirror":false,"skip_rendering_if_too_far":true,"door_offset":"NONE","render_condition":"ALL","positions":[[0.0,-48.0],[0.0,-22.0],[26.0,-48.0],[26.0,-22.0],[0.0,58.0],[0.0,32.0],[26.0,58.0]],"whitelisted_cars":"","blacklisted_cars":"%2+1"},{"name":"1980_Sitzpodest_Einzel_A","stage":"INTERIOR","mirror":false,"skip_rendering_if_too_far":true,"door_offset":"NONE","render_condition":"ALL","positions":[[0.0,32.0],[0.0,-102.0],[-32.0,-102.0]],"whitelisted_cars":"","blacklisted_cars":"%2+1"},{"name":"1980_Sitzpodest_Einzel_A","stage":"INTERIOR","mirror":true,"skip_rendering_if_too_far":true,"door_offset":"NONE","render_condition":"ALL","positions":[[0.0,-80.0],[-32.0,-80.0]],"whitelisted_cars":"","blacklisted_cars":"%2+1"},{"name":"1980_Sitzpodest_Einzel_A","stage":"INTERIOR","mirror":false,"skip_rendering_if_too_far":true,"door_offset":"NONE","render_condition":"ALL","positions":[[0.0,80.0],[-32.0,80.0]],"whitelisted_cars":"","blacklisted_cars":"%2"},{"name":"1980_Sitzpodest_Einzel_A","stage":"INTERIOR","mirror":true,"skip_rendering_if_too_far":true,"door_offset":"NONE","render_condition":"ALL","positions":[[0.0,-32.0],[0.0,102.0],[-32.0,102.0]],"whitelisted_cars":"","blacklisted_cars":"%2"},{"name":"1980_LinienAnzInnen","stage":"INTERIOR","mirror":false,"skip_rendering_if_too_far":false,"door_offset":"NONE","render_condition":"ALL","positions":[[0.0,0.0]],"whitelisted_cars":"1","blacklisted_cars":"%1","display":{"x_padding":0,"y_padding":0,"cjk_size_ratio":0,"type":"ROUTE_NUMBER","color_cjk":"F1EFEF","color":"F1EFEF","should_scroll":false,"force_upper_case":false,"force_single_line":false}},{"name":"1980_ZielAnzInnen","stage":"INTERIOR","mirror":false,"skip_rendering_if_too_far":false,"door_offset":"NONE","render_condition":"ALL","positions":[[0.0,0.0]],"whitelisted_cars":"1","blacklisted_cars":"%1","display":{"x_padding":0,"y_padding":0,"cjk_size_ratio":0,"type":"DESTINATION","color_cjk":"f1efef","color":"f1efef","should_scroll":false,"force_upper_case":false,"force_single_line":true}},{"name":"1980_HaltAnzInnen","stage":"INTERIOR","mirror":false,"skip_rendering_if_too_far":false,"door_offset":"NONE","render_condition":"ALL","positions":[[0.0,0.0]],"whitelisted_cars":"1","blacklisted_cars":"%1","display":{"x_padding":0,"y_padding":0,"cjk_size_ratio":0,"type":"NEXT_STATION_PLAIN","color_cjk":"A10000","color":"a10000","should_scroll":false,"force_upper_case":false,"force_single_line":true}},{"name":"1980_LinienAnzInnen","stage":"INTERIOR","mirror":true,"skip_rendering_if_too_far":false,"door_offset":"NONE","render_condition":"ALL","positions":[[0.0,0.0]],"whitelisted_cars":"-1","blacklisted_cars":"%1","display":{"x_padding":0,"y_padding":0,"cjk_size_ratio":0,"type":"ROUTE_NUMBER","color_cjk":"F1EFEF","color":"f1efef","should_scroll":false,"force_upper_case":false,"force_single_line":false}},{"name":"1980_ZielAnzInnen","stage":"INTERIOR","mirror":true,"skip_rendering_if_too_far":false,"door_offset":"NONE","render_condition":"ALL","positions":[[0.0,0.0]],"whitelisted_cars":"-1","blacklisted_cars":"%1","display":{"x_padding":0.0,"y_padding":0.0,"cjk_size_ratio":0.0,"type":"DESTINATION","color_cjk":"f1efef","color":"f1efef","should_scroll":false,"force_upper_case":false,"force_single_line":true}},{"name":"1980_HaltAnzInnen","stage":"INTERIOR","mirror":true,"skip_rendering_if_too_far":false,"door_offset":"NONE","render_condition":"ALL","positions":[[0.0,0.0]],"whitelisted_cars":"-1","blacklisted_cars":"%1","display":{"x_padding":0,"y_padding":0,"cjk_size_ratio":0,"type":"NEXT_STATION_PLAIN","color_cjk":"a10000","color":"a10000","should_scroll":false,"force_upper_case":false,"force_single_line":true}},{"name":"1980_TuerwandLang","stage":"INTERIOR","mirror":false,"skip_rendering_if_too_far":true,"door_offset":"NONE","render_condition":"ALL","positions":[[0.0,0.0],[0.0,53.0]],"whitelisted_cars":"","blacklisted_cars":"%2"},{"name":"1980_TuerwandLang","stage":"INTERIOR","mirror":true,"skip_rendering_if_too_far":true,"door_offset":"NONE","render_condition":"ALL","positions":[[0.0,0.0],[0.0,-53.0]],"whitelisted_cars":"","blacklisted_cars":"%2+1"},{"name":"1980_TuerwandLang","stage":"INTERIOR","mirror":true,"skip_rendering_if_too_far":true,"door_offset":"NONE","render_condition":"ALL","positions":[[0.0,-5.0],[0.0,-32.0],[0.0,48.0]],"whitelisted_cars":"","blacklisted_cars":"%2"},{"name":"1980_TuerwandLang","stage":"INTERIOR","mirror":false,"skip_rendering_if_too_far":true,"door_offset":"NONE","render_condition":"ALL","positions":[[0.0,5.0],[0.0,32.0],[0.0,-48.0]],"whitelisted_cars":"","blacklisted_cars":"%2+1"},{"name":"1980_TuerwandKurz","stage":"INTERIOR","mirror":false,"skip_rendering_if_too_far":true,"door_offset":"NONE","render_condition":"ALL","positions":[[0.0,80.0]],"whitelisted_cars":"","blacklisted_cars":"%2"},{"name":"1980_TuerwandKurz","stage":"INTERIOR","mirror":true,"skip_rendering_if_too_far":true,"door_offset":"NONE","render_condition":"ALL","positions":[[0.0,-32.0],[0.0,75.0]],"whitelisted_cars":"","blacklisted_cars":"%2"},{"name":"1980_TuerwandKurz","stage":"INTERIOR","mirror":false,"skip_rendering_if_too_far":true,"door_offset":"NONE","render_condition":"ALL","positions":[[0.0,32.0],[0.0,-75.0]],"whitelisted_cars":"","blacklisted_cars":"%2+1"},{"name":"1980_TuerwandKurz","stage":"INTERIOR","mirror":true,"skip_rendering_if_too_far":true,"door_offset":"NONE","render_condition":"ALL","positions":[[0.0,-80.0]],"whitelisted_cars":"","blacklisted_cars":"%2+1"},{"name":"1980_Innenbeleuchtung","stage":"LIGHTS","mirror":false,"skip_rendering_if_too_far":false,"door_offset":"NONE","render_condition":"ALL","positions":[[0.0,0.0]],"whitelisted_cars":"1","blacklisted_cars":"%2,%2+1"},{"name":"1980_Innenbeleuchtung","stage":"LIGHTS","mirror":true,"skip_rendering_if_too_far":false,"door_offset":"NONE","render_condition":"ALL","positions":[[0.0,0.0]],"whitelisted_cars":"-1","blacklisted_cars":"%2+1,%2"},{"name":"1980_Fuehrerstandinterior","stage":"EXTERIOR","mirror":false,"skip_rendering_if_too_far":true,"door_offset":"NONE","render_condition":"ALL","positions":[[0.0,0.0]],"whitelisted_cars":"1","blacklisted_cars":"%2,%2+1"},{"name":"1980_Fuehrerstandinterior","stage":"EXTERIOR","mirror":true,"skip_rendering_if_too_far":true,"door_offset":"NONE","render_condition":"ALL","positions":[[0.0,0.0]],"whitelisted_cars":"-1","blacklisted_cars":"%2+1,%2"},{"name":"Fahrer","stage":"EXTERIOR","mirror":false,"skip_rendering_if_too_far":false,"door_offset":"NONE","render_condition":"MOVING_FORWARDS","positions":[[0.0,0.0]],"whitelisted_cars":"1","blacklisted_cars":"%2,%2+1"},{"name":"Fahrer","stage":"EXTERIOR","mirror":true,"skip_rendering_if_too_far":false,"door_offset":"NONE","render_condition":"MOVING_BACKWARDS","positions":[[0.0,0.0]],"whitelisted_cars":"-1","blacklisted_cars":"%2+1,%2"},{"name":"2020_Gelenk","stage":"EXTERIOR","mirror":false,"skip_rendering_if_too_far":false,"door_offset":"NONE","render_condition":"ALL","positions":[[0.0,0.0]],"whitelisted_cars":"","blacklisted_cars":"-1"},{"name":"2020_Gelenk","stage":"EXTERIOR","mirror":true,"skip_rendering_if_too_far":false,"door_offset":"NONE","render_condition":"ALL","positions":[[0.0,0.0]],"whitelisted_cars":"","blacklisted_cars":"1"},{"name":"2020_Gelenk_Innen","stage":"INTERIOR","mirror":false,"skip_rendering_if_too_far":false,"door_offset":"NONE","render_condition":"ALL","positions":[[0.0,0.0]],"whitelisted_cars":"","blacklisted_cars":"-1"},{"name":"2020_Gelenk_Innen","stage":"INTERIOR","mirror":true,"skip_rendering_if_too_far":false,"door_offset":"NONE","render_condition":"ALL","positions":[[0.0,0.0]],"whitelisted_cars":"","blacklisted_cars":"1"},{"name":"2020_Rueckwand","stage":"INTERIOR","mirror":false,"skip_rendering_if_too_far":false,"door_offset":"NONE","render_condition":"ALL","positions":[[0.0,0.0]],"whitelisted_cars":"1","blacklisted_cars":"%2,%2+1"},{"name":"2020_Rueckwand","stage":"INTERIOR","mirror":true,"skip_rendering_if_too_far":false,"door_offset":"NONE","render_condition":"ALL","positions":[[0.0,0.0]],"whitelisted_cars":"-1","blacklisted_cars":"%2,%2+1"},{"name":"2020_VerbinderInnen","stage":"INTERIOR","mirror":false,"skip_rendering_if_too_far":false,"door_offset":"NONE","render_condition":"ALL","positions":[[0.0,0.0]],"whitelisted_cars":"","blacklisted_cars":"%2,1"},{"name":"2020_VerbinderInnen","stage":"INTERIOR","mirror":true,"skip_rendering_if_too_far":false,"door_offset":"NONE","render_condition":"ALL","positions":[[0.0,0.0]],"whitelisted_cars":"","blacklisted_cars":"%2+1,-1"},{"name":"1980_Einzelsitz","stage":"INTERIOR","mirror":true,"skip_rendering_if_too_far":true,"door_offset":"NONE","render_condition":"ALL","positions":[[-6.0,-84.0],[-24.5,-84.0]],"whitelisted_cars":"","blacklisted_cars":"%2,1"},{"name":"1980_Einzelsitz","stage":"INTERIOR","mirror":false,"skip_rendering_if_too_far":true,"door_offset":"NONE","render_condition":"ALL","positions":[[-6.0,84.0],[-24.5,84.0]],"whitelisted_cars":"","blacklisted_cars":"%2+1,-1"},{"name":"1980_Sitzpodest_Einzel_A","stage":"INTERIOR","mirror":true,"skip_rendering_if_too_far":true,"door_offset":"NONE","render_condition":"ALL","positions":[[-6.0,-84.0],[-26.0,-84.0]],"whitelisted_cars":"","blacklisted_cars":"%2,1"},{"name":"1980_Sitzpodest_Einzel_A","stage":"INTERIOR","mirror":false,"skip_rendering_if_too_far":true,"door_offset":"NONE","render_condition":"ALL","positions":[[-6.0,84.0],[-26.0,84.0]],"whitelisted_cars":"","blacklisted_cars":"%2+1,-1"},{"name":"2020_Verbinder","stage":"EXTERIOR","mirror":false,"skip_rendering_if_too_far":false,"door_offset":"NONE","render_condition":"ALL","positions":[[0.0,0.0]],"whitelisted_cars":"","blacklisted_cars":"%2,1"},{"name":"2020_Verbinder","stage":"EXTERIOR","mirror":true,"skip_rendering_if_too_far":false,"door_offset":"NONE","render_condition":"ALL","positions":[[0.0,0.0]],"whitelisted_cars":"","blacklisted_cars":"%2+1,-1"},{"name":"TuerlichtstreifenA","stage":"LIGHTS","mirror":false,"skip_rendering_if_too_far":false,"door_offset":"RIGHT_POSITIVE","render_condition":"DOOR_RIGHT_OPEN","positions":[[0.0,0.0],[0.0,80.0]],"whitelisted_cars":"","blacklisted_cars":"%2"},{"name":"TuerlichtstreifenB","stage":"LIGHTS","mirror":false,"skip_rendering_if_too_far":false,"door_offset":"RIGHT_NEGATIVE","render_condition":"DOOR_RIGHT_OPEN","positions":[[0.0,0.0],[0.0,80.0]],"whitelisted_cars":"","blacklisted_cars":"%2"},{"name":"TuerlichtstreifenA","stage":"LIGHTS","mirror":true,"skip_rendering_if_too_far":false,"door_offset":"LEFT_POSITIVE","render_condition":"DOOR_LEFT_OPEN","positions":[[0.0,-32.0],[0.0,48.0]],"whitelisted_cars":"","blacklisted_cars":"%2"},{"name":"TuerlichtstreifenB","stage":"LIGHTS","mirror":true,"skip_rendering_if_too_far":false,"door_offset":"LEFT_NEGATIVE","render_condition":"DOOR_LEFT_OPEN","positions":[[0.0,-32.0],[0.0,48.0]],"whitelisted_cars":"","blacklisted_cars":"%2"},{"name":"TuerlichtstreifenA","stage":"LIGHTS","mirror":false,"skip_rendering_if_too_far":false,"door_offset":"RIGHT_POSITIVE","render_condition":"DOOR_RIGHT_OPEN","positions":[[0.0,32.0],[0.0,-48.0]],"whitelisted_cars":"","blacklisted_cars":"%2+1"},{"name":"TuerlichtstreifenB","stage":"LIGHTS","mirror":false,"skip_rendering_if_too_far":false,"door_offset":"RIGHT_NEGATIVE","render_condition":"DOOR_RIGHT_OPEN","positions":[[0.0,32.0],[0.0,-48.0]],"whitelisted_cars":"","blacklisted_cars":"%2+1"},{"name":"TuerlichtstreifenA","stage":"LIGHTS","mirror":true,"skip_rendering_if_too_far":false,"door_offset":"LEFT_POSITIVE","render_condition":"DOOR_LEFT_OPEN","positions":[[0.0,0.0],[0.0,-80.0]],"whitelisted_cars":"","blacklisted_cars":"%2+1"},{"name":"TuerlichtstreifenB","stage":"LIGHTS","mirror":true,"skip_rendering_if_too_far":false,"door_offset":"LEFT_NEGATIVE","render_condition":"DOOR_LEFT_OPEN","positions":[[0.0,0.0],[0.0,-80.0]],"whitelisted_cars":"","blacklisted_cars":"%2+1"},{"name":"2020_Innenbeleuchtung","stage":"LIGHTS","mirror":false,"skip_rendering_if_too_far":false,"door_offset":"NONE","render_condition":"ALL","positions":[[0.0,0.0]],"whitelisted_cars":"","blacklisted_cars":"%2,1"},{"name":"2020_Innenbeleuchtung","stage":"LIGHTS","mirror":true,"skip_rendering_if_too_far":false,"door_offset":"NONE","render_condition":"ALL","positions":[[0.0,0.0]],"whitelisted_cars":"","blacklisted_cars":"%2+1,-1"},{"name":"2020_LinienanzeigeAussen","stage":"EXTERIOR","mirror":false,"skip_rendering_if_too_far":false,"door_offset":"NONE","render_condition":"ALL","positions":[[0.0,0.0]],"whitelisted_cars":"","blacklisted_cars":"%2,1","display":{"x_padding":0,"y_padding":0,"cjk_size_ratio":0,"type":"ROUTE_NUMBER","color_cjk":"F1EFEF","color":"F1EFEF","should_scroll":false,"force_upper_case":false,"force_single_line":false}},{"name":"2020_LinienanzeigeAussen","stage":"EXTERIOR","mirror":true,"skip_rendering_if_too_far":false,"door_offset":"NONE","render_condition":"ALL","positions":[[0.0,0.0]],"whitelisted_cars":"","blacklisted_cars":"%2+1,-1","display":{"x_padding":0,"y_padding":0,"cjk_size_ratio":0,"type":"ROUTE_NUMBER","color_cjk":"F1EFEF","color":"F1EFEF","should_scroll":false,"force_upper_case":false,"force_single_line":false}},{"name":"2020_ZielanzeigeAussen","stage":"EXTERIOR","mirror":false,"skip_rendering_if_too_far":false,"door_offset":"NONE","render_condition":"ALL","positions":[[0.0,0.0]],"whitelisted_cars":"","blacklisted_cars":"%2,1","display":{"x_padding":0,"y_padding":0,"cjk_size_ratio":0,"type":"DESTINATION","color_cjk":"F1EFEF","color":"F1EFEF","should_scroll":false,"force_upper_case":false,"force_single_line":false}},{"name":"2020_ZielanzeigeAussen","stage":"EXTERIOR","mirror":true,"skip_rendering_if_too_far":false,"door_offset":"NONE","render_condition":"ALL","positions":[[0.0,0.0]],"whitelisted_cars":"","blacklisted_cars":"%2+1,-1","display":{"x_padding":0,"y_padding":0,"cjk_size_ratio":0,"type":"DESTINATION","color_cjk":"F1EFEF","color":"F1EFEF","should_scroll":false,"force_upper_case":false,"force_single_line":false}},{"name":"2020_LinienAnzInnen","stage":"EXTERIOR","mirror":false,"skip_rendering_if_too_far":false,"door_offset":"NONE","render_condition":"ALL","positions":[[0.0,0.0]],"whitelisted_cars":"","blacklisted_cars":"%2,1","display":{"x_padding":0,"y_padding":0,"cjk_size_ratio":0,"type":"ROUTE_NUMBER","color_cjk":"F1EFEF","color":"F1EFEF","should_scroll":false,"force_upper_case":false,"force_single_line":false}},{"name":"2020_LinienAnzInnen","stage":"EXTERIOR","mirror":true,"skip_rendering_if_too_far":false,"door_offset":"NONE","render_condition":"ALL","positions":[[0.0,0.0]],"whitelisted_cars":"","blacklisted_cars":"%2+1,-1","display":{"x_padding":0,"y_padding":0,"cjk_size_ratio":0,"type":"ROUTE_NUMBER","color_cjk":"F1EFEF","color":"F1EFEF","should_scroll":false,"force_upper_case":false,"force_single_line":false}},{"name":"2020_ZielAnzInnen","stage":"EXTERIOR","mirror":false,"skip_rendering_if_too_far":false,"door_offset":"NONE","render_condition":"ALL","positions":[[0.0,0.0]],"whitelisted_cars":"","blacklisted_cars":"%2,1","display":{"x_padding":0,"y_padding":0,"cjk_size_ratio":0,"type":"DESTINATION","color_cjk":"F1EFEF","color":"F1EFEF","should_scroll":false,"force_upper_case":false,"force_single_line":true}},{"name":"2020_ZielAnzInnen","stage":"EXTERIOR","mirror":true,"skip_rendering_if_too_far":false,"door_offset":"NONE","render_condition":"ALL","positions":[[0.0,0.0]],"whitelisted_cars":"","blacklisted_cars":"%2+1,-1","display":{"x_padding":0,"y_padding":0,"cjk_size_ratio":0,"type":"DESTINATION","color_cjk":"F1EFEF","color":"F1EFEF","should_scroll":false,"force_upper_case":false,"force_single_line":true}},{"name":"2020_HaltAnzInnen","stage":"EXTERIOR","mirror":false,"skip_rendering_if_too_far":false,"door_offset":"NONE","render_condition":"ALL","positions":[[0.0,0.0]],"whitelisted_cars":"","blacklisted_cars":"%2,1","display":{"x_padding":0,"y_padding":0,"cjk_size_ratio":0,"type":"NEXT_STATION_PLAIN","color_cjk":"A10000","color":"A10000","should_scroll":false,"force_upper_case":false,"force_single_line":true}},{"name":"2020_HaltAnzInnen","stage":"EXTERIOR","mirror":true,"skip_rendering_if_too_far":false,"door_offset":"NONE","render_condition":"ALL","positions":[[0.0,0.0]],"whitelisted_cars":"","blacklisted_cars":"%2+1,-1","display":{"x_padding":0,"y_padding":0,"cjk_size_ratio":0,"type":"NEXT_STATION_PLAIN","color_cjk":"A10000","color":"A10000","should_scroll":false,"force_upper_case":false,"force_single_line":true}}]}